Quarter Back_1,Quarter Back_2,Quarter Back_3,Running Back_1,Running Back_2,Running Back_3,Running Back_4,Offensive Lineman_1,Offensive Lineman_2,Offensive Lineman_3,Offensive Lineman_4,Offensive Lineman_5,Offensive Lineman_6,Offensive Lineman_7,Offensive Lineman_8,Offensive Lineman_9,Tight End_1,Tight End_2,Tight End_3,Wide Receiver_1,Wide Receiver_2,Wide Receiver_3,Wide Receiver_4,Wide Receiver_5,Wide Receiver_6,Defensive Lineman_1,Defensive Lineman_2,Defensive Lineman_3,Defensive Lineman_4,Defensive Lineman_5,Defensive Lineman_6,Defensive Lineman_7,Defensive Lineman_8,Defensive Lineman_9,Line Backer_1,Line Backer_2,Line Backer_3,Line Backer_4,Line Backer_5,Line Backer_6,Line Backer_7,Defensive Back_1,Defensive Back_2,Defensive Back_3,Defensive Back_4,Defensive Back_5,Defensive Back_6,Defensive Back_7,Defensive Back_8,Defensive Back_9,Defensive Back_10,Kicker_1,Punter_1,Team Rating
75,72,0,87,81,80,74,98,85,80,80,70,68,67,65,62,97,66,65,89,79,72,70,70,67,93,87,79,76,72,71,71,0,0,94,79,72,66,62,0,0,86,83,81,78,76,73,73,72,71,69,80,78,83
75,71,69,83,76,75,73,80,79,76,71,70,69,65,63,62,75,73,68,81,79,74,73,73,0,87,77,72,69,69,0,0,0,0,94,89,84,77,75,71,71,87,82,77,72,70,68,67,66,66,65,77,72,79
86,54,0,93,71,67,66,78,74,74,73,68,62,62,61,60,79,69,56,84,83,82,75,67,66,85,75,67,67,66,63,63,0,0,83,74,72,66,66,65,63,92,84,82,80,78,78,75,75,75,73,82,72,75
89,67,0,81,73,73,71,83,80,77,75,72,68,68,68,65,83,64,35,95,83,80,78,75,69,80,76,75,73,72,70,65,0,0,82,82,70,66,65,63,0,94,89,88,81,77,68,67,67,66,63,77,73,86
76,66,58,87,81,68,67,84,79,77,72,72,72,72,68,66,82,73,65,84,80,79,71,68,65,79,76,69,68,68,61,0,0,0,82,78,75,73,71,71,69,92,86,83,81,80,78,75,71,69,69,78,75,82
78,66,0,96,87,78,73,89,89,84,80,80,67,66,64,63,80,80,69,83,74,73,68,68,61,99,84,72,71,69,0,0,0,0,79,76,73,70,69,68,65,90,83,80,78,77,76,76,68,66,65,68,72,87
99,63,60,85,77,76,71,91,90,90,75,74,65,63,61,59,89,75,74,92,88,75,72,71,66,82,77,73,62,0,0,0,0,0,91,89,84,78,72,69,69,84,83,82,79,78,77,77,75,72,71,74,75,92
86,62,55,83,79,67,64,90,78,77,73,68,66,63,62,56,84,76,68,97,81,80,75,69,67,90,74,72,69,67,66,0,0,0,93,79,78,77,75,74,73,93,81,79,76,70,68,66,65,64,63,78,76,85
84,60,60,86,75,70,66,89,86,81,78,69,65,65,65,63,82,67,66,93,85,73,71,69,0,72,71,62,60,0,0,0,0,0,92,77,75,75,74,73,66,92,85,75,75,74,69,69,68,66,64,72,69,84
97,61,52,79,75,74,69,86,83,80,77,76,75,71,67,67,99,65,64,96,78,76,75,62,0,84,78,71,69,62,0,0,0,0,76,75,69,69,67,0,0,95,81,79,78,77,76,71,70,64,61,84,73,90
73,58,0,92,78,76,56,95,85,83,77,73,67,67,63,63,78,75,65,83,82,76,73,70,64,77,74,73,71,69,69,67,0,0,88,79,66,66,63,61,0,86,80,79,78,77,74,74,72,71,71,75,75,80
90,58,55,88,81,70,66,98,93,87,74,71,71,70,66,62,81,72,66,91,83,82,75,70,69,91,82,72,70,68,0,0,0,0,88,79,74,67,64,64,0,83,79,76,76,76,76,75,73,72,67,76,79,86
73,69,0,74,74,72,71,75,68,68,68,68,65,64,63,61,87,69,68,82,81,80,74,72,71,83,79,73,71,0,0,0,0,0,79,77,76,71,71,70,69,89,87,81,80,80,76,75,72,71,70,79,74,79
74,67,50,82,76,74,71,91,91,90,82,75,73,72,67,64,85,67,64,80,75,71,70,69,0,81,79,76,72,63,0,0,0,0,76,72,69,69,61,61,0,90,80,79,79,78,70,69,68,66,65,75,69,76
82,65,59,85,78,64,62,82,81,72,71,69,64,62,60,60,86,76,73,85,77,69,69,64,63,85,69,69,68,66,0,0,0,0,84,82,73,68,68,68,68,87,78,75,74,74,74,72,72,69,65,81,77,77
73,69,64,80,78,66,64,87,79,79,76,71,71,70,65,63,78,69,66,90,78,74,71,70,70,86,81,67,67,65,64,61,60,0,77,73,72,69,67,65,64,88,84,79,78,76,74,70,69,67,67,72,83,81
70,59,58,86,72,71,64,75,72,70,70,68,68,68,65,64,81,77,68,82,81,77,75,72,71,83,80,63,0,0,0,0,0,0,79,75,74,73,72,71,67,85,82,81,81,79,76,73,72,68,67,83,68,78
74,57,0,84,76,75,66,83,82,75,74,72,68,67,66,63,72,70,70,83,78,74,73,70,69,77,71,71,71,71,68,67,0,0,85,84,74,72,66,65,63,85,74,74,73,72,71,70,69,68,66,69,74,75
72,68,55,75,72,70,66,82,76,76,74,74,73,69,68,68,71,69,64,78,78,77,76,74,71,83,81,74,70,69,64,0,0,0,81,72,70,69,65,65,63,85,79,78,75,73,69,69,67,66,66,70,73,72
72,57,56,80,77,65,65,88,79,78,74,70,65,62,60,58,88,65,60,75,73,72,71,69,66,73,70,70,65,61,0,0,0,0,77,77,76,72,70,70,67,77,74,74,71,69,67,66,65,63,63,71,81,74
95,68,59,90,79,67,56,95,86,73,72,71,70,70,68,64,80,79,68,99,77,76,76,68,68,75,70,0,0,0,0,0,0,0,89,87,85,82,75,74,66,95,90,80,78,75,75,74,68,65,63,72,80,89
71,71,61,96,74,70,63,82,78,68,68,67,66,65,63,62,70,70,36,86,81,71,70,67,66,86,73,73,70,64,59,0,0,0,84,82,70,70,67,66,66,94,83,83,82,76,74,72,72,67,66,75,70,73
77,61,58,82,76,73,70,87,86,84,79,78,76,64,61,59,85,79,66,79,79,79,72,66,65,78,78,77,73,0,0,0,0,0,87,85,79,78,78,74,71,89,89,82,82,81,75,71,69,68,68,76,80,83
83,70,0,88,79,76,72,89,82,73,72,71,70,69,68,68,91,70,63,82,77,76,74,70,0,88,82,74,74,66,0,0,0,0,82,76,75,74,74,71,69,90,81,78,78,77,73,69,68,68,68,80,83,81
83,59,54,82,79,77,66,86,84,76,75,70,69,66,57,57,84,64,63,98,86,86,77,68,65,99,76,65,62,0,0,0,0,0,93,80,73,72,72,69,67,99,83,77,75,74,74,74,72,71,66,76,85,84
90,65,56,81,80,78,78,92,83,77,74,73,72,70,67,66,93,76,67,84,77,76,72,71,68,88,78,75,64,0,0,0,0,0,80,78,77,77,76,74,73,91,88,81,80,79,76,76,75,74,70,90,84,88
76,67,61,91,78,67,65,94,88,81,75,73,72,68,63,62,73,69,68,91,75,74,74,71,71,92,81,70,70,68,68,0,0,0,92,76,73,68,64,62,0,88,84,83,82,80,75,74,74,69,62,79,75,84
88,62,60,84,77,72,67,81,79,73,72,70,66,63,59,58,76,74,65,89,88,71,69,64,63,77,72,72,71,70,70,68,0,0,91,80,73,72,68,66,64,90,83,78,77,72,71,71,68,67,66,74,82,82
74,63,62,83,73,71,68,78,73,72,70,68,67,62,62,61,78,77,65,85,80,78,74,71,59,94,86,74,65,63,0,0,0,0,96,77,76,74,70,70,66,89,79,78,77,76,70,70,67,65,64,82,72,80
84,70,68,74,72,69,60,89,77,72,72,71,68,68,65,62,72,70,66,87,77,73,73,72,69,76,73,70,68,0,0,0,0,0,74,74,73,70,68,68,64,82,81,74,73,72,71,71,70,67,66,72,72,76
85,51,0,97,72,70,69,82,82,80,78,71,67,67,64,59,71,69,67,87,84,71,70,70,67,89,80,66,64,60,58,0,0,0,83,83,78,77,75,71,68,91,78,78,76,75,74,72,69,69,68,71,85,85
81,64,52,95,77,76,71,83,76,74,73,66,66,63,63,63,77,74,67,90,88,72,72,71,67,89,80,75,72,67,66,65,64,0,89,79,70,68,67,67,66,90,78,77,74,73,69,68,67,65,0,69,76,78
75,72,0,87,81,80,74,98,85,80,80,70,68,67,65,62,97,66,65,89,79,72,70,70,67,93,87,79,76,72,71,71,0,0,94,79,72,66,62,0,0,86,83,81,78,76,73,73,72,71,69,80,78,89
75,71,69,83,76,75,73,80,79,76,71,70,69,65,63,62,75,73,68,81,79,74,73,73,0,87,77,72,69,69,0,0,0,0,94,89,84,77,75,71,71,87,82,77,72,70,68,67,66,66,65,77,72,82
86,54,0,93,71,67,66,78,74,74,73,68,62,62,61,60,79,69,56,84,83,82,75,67,66,85,75,67,67,66,63,63,0,0,83,74,72,66,66,65,63,92,84,82,80,78,78,75,75,75,73,82,72,75
89,67,0,81,73,73,71,83,80,77,75,72,68,68,68,65,83,64,35,95,83,80,78,75,69,80,76,75,73,72,70,65,0,0,82,82,70,66,65,63,0,94,89,88,81,77,68,67,67,66,63,77,73,83
76,66,58,87,81,68,67,84,79,77,72,72,72,72,68,66,82,73,65,84,80,79,71,68,65,79,76,69,68,68,61,0,0,0,82,78,75,73,71,71,69,92,86,83,81,80,78,75,71,69,69,78,75,79
78,66,0,96,87,78,73,89,89,84,80,80,67,66,64,63,80,80,69,83,74,73,68,68,61,99,84,72,71,69,0,0,0,0,79,76,73,70,69,68,65,90,83,80,78,77,76,76,68,66,65,68,72,82
99,63,60,85,77,76,71,91,90,90,75,74,65,63,61,59,89,75,74,92,88,75,72,71,66,82,77,73,62,0,0,0,0,0,91,89,84,78,72,69,69,84,83,82,79,78,77,77,75,72,71,74,75,85
86,62,55,83,79,67,64,90,78,77,73,68,66,63,62,56,84,76,68,97,81,80,75,69,67,90,74,72,69,67,66,0,0,0,93,79,78,77,75,74,73,93,81,79,76,70,68,66,65,64,63,78,76,80
84,60,60,86,75,70,66,89,86,81,78,69,65,65,65,63,82,67,66,93,85,73,71,69,0,72,71,62,60,0,0,0,0,0,92,77,75,75,74,73,66,92,85,75,75,74,69,69,68,66,64,72,69,81
97,61,52,79,75,74,69,86,83,80,77,76,75,71,67,67,99,65,64,96,78,76,75,62,0,84,78,71,69,62,0,0,0,0,76,75,69,69,67,0,0,95,81,79,78,77,76,71,70,64,61,84,73,88
73,58,0,92,78,76,56,95,85,83,77,73,67,67,63,63,78,75,65,83,82,76,73,70,64,77,74,73,71,69,69,67,0,0,88,79,66,66,63,61,0,86,80,79,78,77,74,74,72,71,71,75,75,83
90,58,55,88,81,70,66,98,93,87,74,71,71,70,66,62,81,72,66,91,83,82,75,70,69,91,82,72,70,68,0,0,0,0,88,79,74,67,64,64,0,83,79,76,76,76,76,75,73,72,67,76,79,86
73,69,0,74,74,72,71,75,68,68,68,68,65,64,63,61,87,69,68,82,81,80,74,72,71,83,79,73,71,0,0,0,0,0,79,77,76,71,71,70,69,89,87,81,80,80,76,75,72,71,70,79,74,76
74,67,50,82,76,74,71,91,91,90,82,75,73,72,67,64,85,67,64,80,75,71,70,69,0,81,79,76,72,63,0,0,0,0,76,72,69,69,61,61,0,90,80,79,79,78,70,69,68,66,65,75,69,84
82,65,59,85,78,64,62,82,81,72,71,69,64,62,60,60,86,76,73,85,77,69,69,64,63,85,69,69,68,66,0,0,0,0,84,82,73,68,68,68,68,87,78,75,74,74,74,72,72,69,65,81,77,81
73,69,64,80,78,66,64,87,79,79,76,71,71,70,65,63,78,69,66,90,78,74,71,70,70,86,81,67,67,65,64,61,60,0,77,73,72,69,67,65,64,88,84,79,78,76,74,70,69,67,67,72,83,74
70,59,58,86,72,71,64,75,72,70,70,68,68,68,65,64,81,77,68,82,81,77,75,72,71,83,80,63,0,0,0,0,0,0,79,75,74,73,72,71,67,85,82,81,81,79,76,73,72,68,67,83,68,76
74,57,0,84,76,75,66,83,82,75,74,72,68,67,66,63,72,70,70,83,78,74,73,70,69,77,71,71,71,71,68,67,0,0,85,84,74,72,66,65,63,85,74,74,73,72,71,70,69,68,66,69,74,74
72,68,55,75,72,70,66,82,76,76,74,74,73,69,68,68,71,69,64,78,78,77,76,74,71,83,81,74,70,69,64,0,0,0,81,72,70,69,65,65,63,85,79,78,75,73,69,69,67,66,66,70,73,75
72,57,56,80,77,65,65,88,79,78,74,70,65,62,60,58,88,65,60,75,73,72,71,69,66,73,70,70,65,61,0,0,0,0,77,77,76,72,70,70,67,77,74,74,71,69,67,66,65,63,63,71,81,78
95,68,59,90,79,67,56,95,86,73,72,71,70,70,68,64,80,79,68,99,77,76,76,68,68,75,70,0,0,0,0,0,0,0,89,87,85,82,75,74,66,95,90,80,78,75,75,74,68,65,63,72,80,86
71,71,61,96,74,70,63,82,78,68,68,67,66,65,63,62,70,70,36,86,81,71,70,67,66,86,73,73,70,64,59,0,0,0,84,82,70,70,67,66,66,94,83,83,82,76,74,72,72,67,66,75,70,77
77,61,58,82,76,73,70,87,86,84,79,78,76,64,61,59,85,79,66,79,79,79,72,66,65,78,78,77,73,0,0,0,0,0,87,85,79,78,78,74,71,89,89,82,82,81,75,71,69,68,68,76,80,79
83,70,0,88,79,76,72,89,82,73,72,71,70,69,68,68,91,70,63,82,77,76,74,70,0,88,82,74,74,66,0,0,0,0,82,76,75,74,74,71,69,90,81,78,78,77,73,69,68,68,68,80,83,80
83,59,54,82,79,77,66,86,84,76,75,70,69,66,57,57,84,64,63,98,86,86,77,68,65,99,76,65,62,0,0,0,0,0,93,80,73,72,72,69,67,99,83,77,75,74,74,74,72,71,66,76,85,78
90,65,56,81,80,78,78,92,83,77,74,73,72,70,67,66,93,76,67,84,77,76,72,71,68,88,78,75,64,0,0,0,0,0,80,78,77,77,76,74,73,91,88,81,80,79,76,76,75,74,70,90,84,87
76,67,61,91,78,67,65,94,88,81,75,73,72,68,63,62,73,69,68,91,75,74,74,71,71,92,81,70,70,68,68,0,0,0,92,76,73,68,64,62,0,88,84,83,82,80,75,74,74,69,62,79,75,93
88,62,60,84,77,72,67,81,79,73,72,70,66,63,59,58,76,74,65,89,88,71,69,64,63,77,72,72,71,70,70,68,0,0,91,80,73,72,68,66,64,90,83,78,77,72,71,71,68,67,66,74,82,85
74,63,62,83,73,71,68,78,73,72,70,68,67,62,62,61,78,77,65,85,80,78,74,71,59,94,86,74,65,63,0,0,0,0,96,77,76,74,70,70,66,89,79,78,77,76,70,70,67,65,64,82,72,84
84,70,68,74,72,69,60,89,77,72,72,71,68,68,65,62,72,70,66,87,77,73,73,72,69,76,73,70,68,0,0,0,0,0,74,74,73,70,68,68,64,82,81,74,73,72,71,71,70,67,66,72,72,84
85,51,0,97,72,70,69,82,82,80,78,71,67,67,64,59,71,69,67,87,84,71,70,70,67,89,80,66,64,60,58,0,0,0,83,83,78,77,75,71,68,91,78,78,76,75,74,72,69,69,68,71,85,80
81,64,52,95,77,76,71,83,76,74,73,66,66,63,63,63,77,74,67,90,88,72,72,71,67,89,80,75,72,67,66,65,64,0,89,79,70,68,67,67,66,90,78,77,74,73,69,68,67,65,0,69,76,83
88,85,0,99,99,98,89,90,90,89,83,83,0,0,0,0,96,0,0,90,86,86,84,83,0,97,92,88,87,0,0,0,0,0,99,99,96,91,0,0,0,92,90,86,86,85,0,0,0,0,0,0,0,84
89,87,0,92,88,0,0,99,93,90,87,83,0,0,0,0,88,0,0,92,90,87,87,0,0,92,88,87,87,0,0,0,0,0,84,83,81,0,0,0,0,92,90,89,86,84,84,0,0,0,0,0,0,80
91,0,0,97,94,86,0,91,90,89,88,87,0,0,0,0,84,0,0,92,87,86,85,0,0,98,89,89,83,0,0,0,0,0,89,87,82,0,0,0,0,92,87,86,85,80,0,0,0,0,0,0,0,78
98,0,0,92,90,0,0,96,91,86,85,83,0,0,0,0,97,0,0,91,88,88,86,0,0,90,89,88,86,0,0,0,0,0,97,91,89,88,0,0,0,97,96,91,90,90,0,0,0,0,0,86,80,81
90,0,0,99,98,0,0,99,90,89,88,87,0,0,0,0,98,0,0,94,84,84,82,0,0,89,88,88,86,0,0,0,0,0,90,86,81,0,0,0,0,91,90,90,86,86,0,0,0,0,0,84,79,83
83,0,0,99,91,85,0,89,88,88,87,85,85,0,0,0,86,0,0,91,90,87,87,0,0,96,94,92,90,0,0,0,0,0,99,90,89,85,0,0,0,96,94,85,82,82,0,0,0,0,0,83,76,78
89,0,0,95,90,87,0,93,90,86,81,0,0,0,0,0,90,0,0,97,91,87,83,0,0,92,87,84,82,0,0,0,0,0,89,84,82,0,0,0,0,96,95,93,93,91,90,90,90,0,0,84,82,78
94,91,0,97,89,0,0,95,90,87,85,82,0,0,0,0,98,97,0,94,91,90,88,87,0,93,92,88,88,86,0,0,0,0,97,91,83,0,0,0,0,95,91,89,88,88,87,0,0,0,0,86,85,85
97,90,0,97,92,90,89,98,93,91,89,89,0,0,0,0,99,96,0,94,87,86,0,0,0,94,93,90,89,0,0,0,0,0,98,98,98,89,88,0,0,94,93,93,90,87,86,85,0,0,0,88,81,84
99,98,92,93,93,0,0,98,97,94,89,86,0,0,0,0,97,95,0,96,92,91,91,0,0,96,93,92,89,0,0,0,0,0,85,85,82,0,0,0,0,95,88,87,85,83,0,0,0,0,0,97,87,86
96,95,0,97,96,94,91,98,96,94,94,91,0,0,0,0,95,0,0,94,92,91,89,88,0,99,97,93,89,89,0,0,0,0,96,90,87,85,0,0,0,94,94,91,91,87,0,0,0,0,0,86,84,88
98,89,0,99,91,84,0,97,95,90,88,84,0,0,0,0,84,0,0,89,88,86,85,0,0,94,88,86,82,0,0,0,0,0,94,85,83,0,0,0,0,90,90,90,88,83,0,0,0,0,0,88,89,74
91,91,82,94,91,90,0,94,90,90,89,87,0,0,0,0,93,0,0,89,89,88,85,0,0,99,96,89,86,0,0,0,0,0,98,89,86,0,0,0,0,98,92,90,90,86,0,0,0,0,0,88,78,89
92,89,0,89,87,86,0,90,89,89,87,0,0,0,0,0,89,88,0,98,89,89,82,0,0,93,92,87,84,0,0,0,0,0,91,90,89,87,0,0,0,99,91,88,88,84,81,0,0,0,0,87,78,86
99,97,0,91,90,90,85,90,90,89,88,86,0,0,0,0,96,93,0,99,97,87,85,85,0,93,92,89,87,0,0,0,0,0,97,91,90,86,0,0,0,99,93,88,85,85,0,0,0,0,0,84,84,83
88,87,0,92,91,0,0,96,92,89,86,84,0,0,0,0,93,0,0,96,87,87,87,0,0,94,87,86,0,0,0,0,0,0,99,94,94,84,0,0,0,97,87,86,86,85,85,0,0,0,0,84,84,77
84,0,0,91,89,83,0,97,86,83,80,0,0,0,0,0,83,0,0,93,89,86,80,0,0,90,86,84,80,0,0,0,0,0,88,83,83,0,0,0,0,96,89,88,82,82,0,0,0,0,0,84,85,79
89,0,0,94,85,0,0,99,96,90,85,84,82,0,0,0,84,0,0,91,87,85,84,0,0,95,94,93,85,85,84,0,0,0,88,85,84,0,0,0,0,94,90,86,85,85,0,0,0,0,0,81,83,78
87,0,0,99,91,0,0,90,90,86,85,82,0,0,0,0,93,0,0,96,90,87,86,0,0,95,87,87,84,0,0,0,0,0,95,92,87,0,0,0,0,98,94,92,91,90,89,89,0,0,0,90,75,80
97,97,92,94,91,87,82,98,97,96,94,89,0,0,0,0,85,0,0,95,94,92,92,87,0,93,93,90,88,87,0,0,0,0,98,92,90,88,0,0,0,96,94,94,91,89,85,0,0,0,0,84,78,87
89,0,0,91,89,86,0,88,88,88,85,83,0,0,0,0,92,0,0,94,87,85,81,0,0,94,88,87,85,0,0,0,0,0,98,86,85,0,0,0,0,89,85,84,80,78,0,0,0,0,0,85,80,84
99,0,0,87,85,84,0,99,92,91,89,88,0,0,0,0,99,85,0,91,90,90,89,0,0,90,90,87,86,0,0,0,0,0,95,88,86,85,0,0,0,96,94,94,92,89,89,0,0,0,0,90,76,87
88,88,0,93,93,86,0,99,98,98,93,93,0,0,0,0,96,0,0,96,90,89,87,0,0,98,94,88,87,0,0,0,0,0,96,87,85,0,0,0,0,97,96,94,93,90,87,0,0,0,0,85,93,80
95,90,0,98,97,92,91,98,95,93,88,88,0,0,0,0,90,0,0,95,94,91,90,0,0,99,99,98,94,86,0,0,0,0,96,84,84,0,0,0,0,90,89,87,86,84,0,0,0,0,0,84,86,85
91,83,0,91,89,0,0,99,93,92,83,82,0,0,0,0,88,84,0,83,83,80,0,0,0,91,91,86,0,0,0,0,0,0,99,93,87,86,0,0,0,99,90,88,86,84,84,0,0,0,0,99,85,81
99,0,0,90,89,88,0,97,96,92,91,85,0,0,0,0,96,87,0,95,89,88,87,0,0,91,90,85,83,0,0,0,0,0,95,94,90,87,0,0,0,87,85,85,85,82,0,0,0,0,0,95,87,87
94,85,0,96,92,92,0,98,97,85,84,83,0,0,0,0,82,0,0,93,90,87,87,0,0,95,91,89,86,0,0,0,0,0,98,86,85,83,0,0,0,97,95,95,95,89,87,0,0,0,0,86,83,81
92,92,0,95,92,0,0,99,97,97,93,85,85,0,0,0,86,0,0,95,92,91,89,0,0,99,90,86,85,0,0,0,0,0,99,99,95,94,89,0,0,99,97,95,95,86,0,0,0,0,0,94,91,84
86,0,0,89,85,0,0,87,87,84,81,76,67,0,0,0,86,0,0,95,93,82,82,0,0,97,90,80,0,0,0,0,0,0,92,86,85,83,0,0,0,86,85,84,80,78,0,0,0,0,0,74,64,83
91,90,0,97,91,91,90,99,95,89,85,84,0,0,0,0,92,86,0,90,89,87,85,0,0,90,90,89,87,0,0,0,0,0,94,90,86,0,0,0,0,91,89,89,87,85,0,0,0,0,0,74,77,81
96,89,0,95,90,0,0,99,95,90,90,86,0,0,0,0,87,0,0,99,94,90,90,0,0,97,95,95,94,92,89,88,0,0,86,86,84,0,0,0,0,97,94,90,89,87,0,0,0,0,0,73,73,83
99,69,62,83,78,77,77,84,83,82,82,79,77,70,70,69,99,81,77,88,83,77,76,75,75,86,85,84,82,78,74,73,70,68,84,76,74,73,72,69,68,92,87,87,83,80,76,74,72,71,69,83,80,85
88,72,69,96,73,68,68,95,86,85,78,78,70,69,67,67,79,77,73,99,80,74,72,69,63,88,86,80,77,71,71,64,63,60,86,80,78,73,72,68,68,85,84,81,78,74,73,72,71,69,69,79,79,86
81,70,68,76,73,66,64,82,81,79,74,69,68,68,67,67,74,74,70,88,88,75,73,71,70,83,80,79,78,76,75,72,71,67,99,81,78,77,77,70,68,88,83,83,80,76,74,72,70,70,66,80,84,80
99,72,70,81,75,75,64,97,81,77,73,67,67,67,66,66,86,82,78,88,83,71,70,69,69,91,88,83,75,71,68,63,62,0,86,83,82,78,73,71,68,87,78,77,77,75,74,74,73,71,71,77,75,81
88,58,55,87,81,76,70,84,82,76,72,70,70,68,67,65,92,70,67,82,78,77,76,74,72,89,83,82,80,74,73,73,72,69,99,83,80,70,67,67,66,79,78,76,76,74,74,73,72,71,70,80,78,80
83,62,61,92,70,70,69,88,80,79,78,71,67,67,66,65,77,77,65,87,83,80,73,65,63,99,94,88,75,75,73,68,68,67,77,75,73,71,70,70,68,90,89,87,85,82,72,71,69,67,67,80,86,83
82,68,63,85,75,68,66,81,72,71,70,68,67,66,66,66,75,71,70,94,81,77,73,72,67,98,81,75,72,72,71,70,69,66,91,81,79,78,75,71,68,93,87,85,79,78,78,75,74,72,72,73,78,79
89,68,62,91,86,72,65,90,83,81,79,75,70,68,68,66,80,72,67,98,82,77,74,70,62,86,82,82,82,75,74,71,71,67,90,81,71,69,66,61,61,93,89,85,84,82,79,74,73,73,72,85,81,84
80,67,61,87,78,76,66,91,89,78,73,71,69,68,66,66,81,73,73,82,80,79,79,72,71,92,86,85,84,81,77,76,72,70,90,84,70,69,68,67,66,97,94,85,83,78,74,70,70,70,70,78,74,84
82,71,64,85,82,69,64,77,76,75,72,71,69,69,68,66,86,73,68,90,88,78,73,71,67,92,90,84,83,73,72,70,70,69,84,79,76,69,67,66,65,97,92,85,80,78,75,74,73,72,67,78,79,83
92,64,61,77,76,75,73,81,78,72,69,69,68,66,66,66,77,71,71,90,82,81,78,71,69,81,79,79,75,72,72,72,71,70,97,83,78,72,69,65,63,95,90,80,76,76,76,76,73,70,69,81,77,81
77,67,61,89,79,79,79,81,80,76,73,67,66,66,65,65,95,74,73,87,83,76,75,71,67,87,77,74,74,73,73,72,68,68,90,82,79,74,73,69,68,96,82,80,77,73,71,70,69,68,68,80,83,82
82,64,63,92,80,71,71,96,96,95,76,72,68,65,65,64,73,70,69,81,81,79,75,73,70,91,82,80,79,77,76,76,76,71,96,77,75,73,72,70,66,81,80,79,77,76,75,72,67,67,60,80,85,84
76,71,68,83,82,74,65,83,78,77,72,70,70,69,67,66,85,77,67,95,82,72,72,72,69,95,82,72,71,70,67,67,66,63,82,74,72,72,72,69,68,88,88,74,73,72,71,70,70,70,68,75,75,74
80,73,61,77,77,72,71,88,81,78,73,72,72,68,67,66,82,79,65,89,85,79,79,69,64,90,84,83,80,79,78,75,75,72,95,80,75,69,69,67,67,86,77,73,73,73,71,71,71,70,69,77,81,77
91,71,65,88,86,75,73,87,82,82,77,72,69,66,66,65,81,80,72,91,83,82,77,72,71,95,81,81,80,79,76,75,73,72,85,78,77,74,71,71,70,90,84,83,82,76,74,74,68,68,68,79,82,84
86,80,64,86,83,77,75,93,92,91,91,79,71,70,67,65,91,77,76,90,84,83,73,71,70,93,93,88,83,81,80,80,70,70,85,81,72,70,70,70,67,94,86,81,81,77,75,69,68,65,64,81,0,91
77,69,68,84,81,72,68,79,77,75,70,70,68,66,66,64,89,79,74,93,79,76,74,70,69,91,84,82,79,78,76,72,71,71,87,75,71,71,70,67,65,84,81,80,79,79,74,71,69,68,67,76,73,75
79,70,65,87,86,68,60,85,81,80,80,75,69,66,66,66,93,74,73,82,80,76,75,67,64,89,81,79,74,70,66,62,0,0,86,80,76,76,75,73,72,89,87,83,83,82,74,74,70,69,69,77,79,81
79,78,72,93,72,71,64,80,76,76,74,73,71,67,67,65,82,75,64,89,77,76,73,69,65,89,81,76,75,74,73,70,69,68,76,75,73,68,65,65,63,92,82,80,79,70,70,69,67,64,64,78,79,76
74,71,68,90,80,74,74,77,74,73,73,72,69,69,68,66,84,73,71,84,77,75,75,70,68,83,82,81,77,76,72,72,71,70,78,76,75,70,69,68,66,92,88,88,78,72,72,70,68,68,67,79,74,76
79,79,71,81,78,74,74,92,79,76,73,73,70,65,65,64,78,75,75,84,79,76,74,71,69,89,87,79,75,72,70,70,67,0,86,84,80,74,74,73,73,89,86,84,80,80,79,78,73,70,68,86,84,82
87,68,66,89,81,71,66,80,78,75,74,72,66,65,63,63,88,76,68,92,83,82,79,69,66,90,90,83,77,72,71,69,69,64,78,77,73,72,69,68,67,91,86,83,82,81,80,76,74,73,68,78,75,81
78,72,68,82,76,71,64,88,84,77,73,67,67,66,65,64,77,77,75,85,84,81,77,73,70,89,87,81,78,75,74,74,74,70,73,73,72,70,70,69,66,91,79,79,77,76,75,74,69,68,68,73,80,75
85,65,60,87,84,82,73,86,85,77,76,71,68,67,67,67,77,73,73,89,87,78,76,64,64,83,81,78,77,76,75,71,69,67,77,77,74,74,71,69,68,91,87,81,77,74,74,74,73,69,69,82,80,78
74,67,60,85,83,70,69,81,79,79,74,71,70,70,67,67,84,81,77,87,81,74,73,73,72,86,78,74,72,71,69,68,66,61,84,81,79,78,76,73,70,90,80,80,80,79,75,73,69,68,67,76,76,78
83,70,0,85,84,76,71,90,81,78,72,72,70,69,67,65,77,75,68,86,83,76,76,74,70,86,79,78,74,73,72,72,70,69,87,76,76,73,71,71,69,90,83,77,77,75,74,71,69,69,68,85,80,79
81,81,70,83,82,76,66,89,89,77,74,71,68,67,67,67,81,77,77,87,82,79,71,70,70,88,78,77,74,73,73,72,71,70,82,77,76,76,69,67,66,81,80,80,80,80,79,78,75,69,67,75,74,76
87,76,62,77,74,71,71,84,83,78,76,75,74,74,69,69,85,84,69,89,78,74,68,68,66,89,83,77,77,75,75,72,72,71,78,72,72,71,70,70,69,80,78,78,78,73,72,72,69,69,66,84,77,74
78,78,75,79,79,73,72,79,74,71,70,69,69,68,68,68,73,71,71,84,83,79,75,74,71,84,83,80,73,72,71,71,70,68,83,79,75,74,73,73,73,86,82,80,78,78,76,76,71,71,71,78,77,74
75,72,72,91,83,80,72,82,81,75,71,71,71,70,70,69,77,72,70,85,77,73,72,71,70,83,79,79,77,76,76,75,72,67,88,76,75,75,73,69,68,80,77,76,74,72,71,71,70,69,69,76,73,76
77,74,67,85,74,74,73,89,86,80,73,73,72,69,69,68,86,78,75,83,77,77,75,72,71,83,81,76,71,71,69,65,61,0,88,84,84,80,79,77,75,81,80,80,80,76,73,72,71,71,71,75,79,77
84,73,65,86,82,79,78,78,77,74,72,72,70,67,66,66,91,69,69,94,82,77,74,68,68,91,86,76,76,72,70,70,68,68,87,80,78,71,67,66,63,81,80,78,75,73,73,72,69,69,65,75,72,78
82,72,67,92,84,77,69,88,84,76,76,73,72,72,72,71,86,76,68,86,77,76,74,71,69,87,85,81,76,71,71,70,65,63,84,79,74,73,72,69,65,79,78,76,75,71,70,70,69,66,62,76,73,83
76,72,68,85,84,82,73,88,83,77,74,73,72,70,68,67,81,74,74,89,87,76,71,71,68,81,74,71,71,70,68,66,66,64,99,86,81,79,76,66,63,94,94,83,81,77,72,70,69,68,68,80,74,82
75,75,75,82,80,70,64,92,88,84,84,82,72,71,71,70,78,68,65,82,78,78,66,65,64,83,82,79,74,72,71,71,70,70,85,82,69,65,61,60,0,81,81,81,76,72,71,70,69,69,68,74,76,76
81,69,61,83,82,78,71,85,80,77,74,73,72,71,70,66,83,82,68,90,87,76,75,71,64,90,84,80,76,75,75,72,71,70,84,80,69,65,62,62,61,88,81,76,75,73,72,72,71,71,69,78,85,81
83,72,66,94,73,69,0,84,80,77,71,71,69,68,68,68,77,74,66,90,84,74,73,72,72,76,74,72,66,65,62,60,59,0,88,82,80,76,76,73,69,91,87,77,75,74,72,69,68,67,66,80,70,82
84,67,61,87,79,69,69,80,79,76,73,72,71,67,66,66,87,82,72,89,80,80,79,76,64,89,88,82,80,69,68,68,68,68,80,80,76,75,74,68,68,86,86,83,81,79,72,71,70,67,67,76,72,80
81,76,62,82,76,76,75,81,80,78,76,75,74,73,69,69,94,74,70,83,76,74,69,68,65,84,78,77,73,69,68,65,65,64,93,83,82,79,78,73,72,94,88,85,79,75,74,71,70,70,67,79,81,87
90,66,61,83,76,75,72,83,82,79,74,72,71,69,66,64,79,71,67,88,80,78,73,67,65,76,76,74,74,73,71,70,70,70,79,79,78,76,73,68,68,86,82,81,76,74,72,72,68,65,64,84,75,82
86,67,60,90,77,77,75,95,94,93,79,77,71,70,66,65,90,74,73,91,81,80,74,74,70,79,79,79,77,75,74,74,74,72,91,75,74,73,73,65,64,84,83,79,76,76,75,75,72,70,69,84,83,89
83,71,62,87,76,69,67,78,78,77,72,70,69,69,68,67,83,81,69,88,81,80,69,67,67,93,89,83,78,76,73,68,67,65,82,80,76,72,70,67,64,91,85,76,76,74,74,72,72,69,68,75,78,83
79,71,67,85,83,82,73,90,89,87,81,76,76,73,73,70,85,82,79,87,81,78,71,69,67,95,91,81,80,79,75,72,70,69,85,84,77,66,63,61,60,85,80,77,74,72,71,70,70,70,70,80,76,78
96,69,58,89,85,75,72,91,87,84,77,70,66,64,64,64,77,70,70,98,82,79,73,72,70,82,79,77,76,75,75,75,73,69,83,81,73,71,67,62,0,89,83,81,80,79,76,75,71,68,68,85,82,91
80,73,72,82,79,77,74,86,86,77,75,71,70,67,67,65,75,75,66,93,85,80,71,68,67,89,88,88,71,71,71,70,67,67,80,74,73,72,68,65,62,92,89,89,78,77,75,72,69,67,65,71,77,84
77,67,63,81,80,79,69,85,77,76,76,73,72,70,70,70,77,73,66,87,81,80,75,71,70,91,83,80,77,76,71,71,69,68,87,82,75,72,69,68,68,88,86,83,78,75,69,67,67,66,66,78,77,77
73,69,66,84,81,70,68,82,78,75,72,71,70,69,69,69,74,72,65,79,74,74,70,70,69,85,79,75,67,65,62,62,0,0,81,74,73,72,72,72,69,81,79,76,74,74,72,71,69,69,68,76,72,75
87,64,63,82,78,75,74,87,83,82,81,72,71,71,70,69,81,74,72,87,84,74,69,69,66,84,78,78,73,72,72,71,69,68,75,74,74,69,67,65,62,89,82,82,80,74,73,71,70,69,67,83,81,81
98,69,62,83,83,72,70,91,86,82,76,75,69,67,67,66,89,78,74,91,87,84,68,67,66,87,75,74,73,72,67,66,61,61,84,82,76,74,71,71,69,86,82,77,74,74,73,72,71,68,68,77,75,88
88,69,64,84,81,74,72,84,81,78,77,74,73,72,71,70,92,70,62,85,76,73,73,71,69,88,83,83,83,75,75,72,72,69,98,87,83,66,64,63,61,81,81,80,78,74,69,67,65,65,65,76,79,79
99,77,72,84,82,81,77,88,87,85,78,76,71,71,68,67,98,80,69,89,86,83,78,76,74,83,82,78,77,75,70,69,65,63,89,81,78,75,74,73,72,92,92,83,77,77,76,73,69,67,65,76,75,93
73,61,0,85,78,77,68,89,79,77,76,69,69,66,65,62,75,70,62,81,78,74,72,64,64,99,81,78,72,69,66,64,63,63,81,78,77,77,67,66,63,84,82,82,79,74,74,73,66,66,65,79,86,75
81,66,60,82,81,76,72,96,80,72,71,71,70,69,68,67,80,77,76,83,82,74,71,68,66,82,79,72,69,69,66,66,0,0,89,86,71,71,71,71,70,93,88,86,82,80,79,75,71,70,65,87,84,80
92,70,62,84,84,80,76,85,85,84,81,78,74,69,69,61,80,74,74,84,81,79,72,70,63,92,79,78,73,72,72,72,72,69,77,75,75,73,72,72,72,82,79,76,76,75,75,74,74,71,68,79,84,84
90,68,64,83,82,74,73,80,75,75,74,73,71,70,69,66,93,76,70,89,80,80,75,74,67,90,86,82,74,74,73,71,68,65,93,87,70,70,69,68,66,95,94,90,79,78,76,72,70,70,68,72,77,86
91,72,66,97,80,71,71,88,88,88,85,81,73,71,66,66,78,69,65,97,80,76,75,73,72,83,81,73,73,69,61,61,61,60,86,81,75,74,74,74,69,84,81,80,78,73,72,71,70,70,70,82,78,88
76,72,68,85,81,75,71,86,78,78,74,72,72,71,70,69,81,72,65,91,76,73,73,64,64,98,70,68,68,67,65,61,0,0,87,86,82,78,75,71,66,83,80,78,74,74,70,69,68,68,67,79,80,79
80,69,61,91,79,78,67,88,86,83,81,80,70,68,67,65,93,75,74,86,82,79,77,76,73,86,80,78,72,70,66,63,60,58,85,82,79,79,73,66,64,86,84,78,76,76,74,68,68,67,66,82,78,85
83,79,73,84,80,80,72,83,79,73,73,71,69,68,68,68,85,71,67,86,81,75,73,73,68,86,86,86,83,80,76,71,70,69,80,79,72,66,65,65,61,93,88,85,78,75,73,71,70,67,65,77,76,78
